{"__symbolic":"module","version":4,"metadata":{"Filesystem":{"__symbolic":"interface"},"Generator":{"__symbolic":"class","members":{"__ctor__":[{"__symbolic":"constructor","parameters":[{"__symbolic":"reference","name":"Filesystem"},{"__symbolic":"reference","name":"string"}]}],"process":[{"__symbolic":"method"}],"processAssetGroups":[{"__symbolic":"method"}],"processDataGroups":[{"__symbolic":"method"}]}},"AssetGroup":{"__symbolic":"interface"},"Config":{"__symbolic":"interface"},"DataGroup":{"__symbolic":"interface"},"Duration":{"__symbolic":"interface"},"Glob":{"__symbolic":"interface"}},"origins":{"Filesystem":"./src/filesystem","Generator":"./src/generator","AssetGroup":"./src/in","Config":"./src/in","DataGroup":"./src/in","Duration":"./src/in","Glob":"./src/in"},"importAs":"@angular/service-worker/config"}